frame,left_knee,right_knee,left_hip,right_hip,left_elbow,right_elbow,left_shoulder,right_shoulder
1,120.59,160.37,141.3,172.19,117.4,134.9,12.25,28.67
2,166.96,126.68,176.11,146.27,112.79,133.55,12.05,30.5
3,168.3,129.65,179.9,142.85,111.31,133.05,11.92,33.31
4,165.94,138.04,177.95,146.41,115.11,129.14,11.32,37.2
5,164.6,146.78,175.95,151.53,113.81,127.72,5.36,41.13
6,159.99,154.3,175.99,154.64,106.61,127.54,1.22,43.2
7,153.95,160.52,175.88,158.54,112.28,128.35,0.39,43.45
8,147.16,165.09,177.06,162.04,115.03,129.55,0.94,43.09
9,144.2,164.72,178.99,163.19,107.56,128.08,3.08,43.13
10,143.97,164.13,178.08,163.26,110.18,125.2,3.09,42.48
11,168.52,132.37,162.61,179.72,114.24,126.08,0.7,37.7
12,165.9,175.51,162.65,175.26,127.43,132.99,0.03,29.66
13,161.28,167.22,161.71,169.11,134.43,137.96,0.68,22.71
14,158.01,163.33,161.42,164.73,138.47,151.09,0.76,15.18
15,111.05,159.01,159.8,162.85,134.71,156.26,1.58,5.63
16,105.26,156.42,159.2,159.33,139.83,149.98,5.94,6.63
17,107.1,154.06,156.44,160.49,138.9,153.44,8.11,6.63
18,104.72,161.86,152.74,165.54,135.29,143.08,9.75,6.98
19,110.04,161.29,149.2,168.28,132.79,133.98,11.78,15.58
20,116.02,162.81,146.45,169.55,133.63,107.89,14.94,16.06
21,120.11,163.92,144.14,172.48,130.9,88.46,20.13,14.08
22,129.37,168.5,145.64,175.3,126.51,78.07,26.62,13.77
23,137.23,167.56,147.91,178.46,123.96,79.83,30.63,12.56
24,145.09,166.78,149.94,179.52,122.71,90.12,33.92,14.01
25,151.63,164.46,152.18,179.4,122.28,87.26,35.99,14.43
26,156.13,158.4,153.8,178.79,122.19,93.73,36.29,13.72
27,156.81,152.88,153.83,178.3,123.64,102.61,34.48,11.27
28,160.32,143.08,157.27,179.37,124.18,109.5,33.65,10.34
29,160.28,130.31,159.59,177.28,126.93,117.08,29.62,9.5
30,159.18,117.88,159.51,174.95,131.27,131.65,23.58,9.5
31,155.02,146.36,159.44,170.8,136.29,140.06,14.97,9.0
32,152.81,103.31,161.04,162.38,133.5,143.19,13.5,6.81
33,148.94,94.6,157.88,158.66,134.29,145.83,7.21,4.48
34,147.0,94.36,158.14,157.11,136.72,142.97,2.78,4.27
35,142.26,95.83,156.26,156.95,140.89,144.59,0.25,5.58
36,143.03,95.83,158.49,153.4,141.84,147.0,6.81,6.24
37,148.35,95.28,162.98,144.06,124.02,144.46,4.57,5.49
38,154.44,99.37,169.28,140.13,121.94,135.03,11.57,1.86
39,149.47,112.71,165.17,143.61,103.49,117.25,9.51,3.34
40,164.01,118.25,178.87,140.74,102.77,138.11,9.56,5.77
41,166.74,125.39,177.55,140.44,105.35,149.76,9.6,14.75
42,166.47,135.17,175.28,143.67,107.18,140.67,8.88,25.66
43,165.06,141.17,173.41,145.78,112.5,136.97,7.08,29.15
44,164.58,148.56,172.59,151.15,119.66,138.11,8.06,31.18
45,161.35,153.1,173.41,152.35,123.23,138.56,7.22,30.9
46,155.72,158.5,174.89,156.59,128.98,135.42,8.28,31.33
47,154.0,161.53,174.74,159.74,139.89,134.44,8.54,30.77
48,146.55,160.48,177.89,159.74,142.62,137.82,7.2,28.02
49,140.1,158.93,179.21,158.8,143.44,145.97,5.49,22.58
50,165.83,162.27,161.87,160.83,146.33,150.59,4.01,19.02
51,158.62,160.33,159.29,157.21,153.23,151.44,1.39,5.99
52,120.62,157.41,160.79,154.03,152.46,151.21,0.97,7.29
53,114.55,152.44,160.71,155.93,148.16,149.96,3.15,6.44
54,110.49,151.43,159.21,156.69,148.89,148.96,4.41,9.43
55,110.07,151.08,155.66,156.33,149.23,121.31,5.06,9.62
56,113.67,158.71,152.89,161.06,150.94,93.73,7.73,12.69
57,116.54,160.19,147.86,165.05,152.51,69.74,10.18,15.18
58,120.5,162.36,144.7,168.34,147.38,59.69,18.9,19.19
59,128.42,164.34,143.17,171.12,137.65,54.68,29.55,19.9
60,135.41,165.67,143.37,174.63,132.46,51.87,35.0,18.85
61,142.31,168.32,144.64,177.4,130.66,52.81,38.06,19.07
62,149.32,171.46,147.79,178.13,129.74,54.3,40.91,18.19
63,154.83,168.68,149.88,175.62,128.97,59.12,42.9,15.21
64,159.47,163.94,151.6,174.2,129.82,60.04,42.3,13.39
65,162.45,157.18,153.47,172.9,129.66,69.87,41.82,10.53
66,161.76,150.99,154.15,172.64,135.38,97.31,38.42,9.81
67,158.42,134.71,154.55,177.55,138.62,119.84,32.55,11.36
68,157.75,122.02,155.04,178.94,143.1,134.08,26.2,11.43
69,153.54,109.84,154.92,174.21,146.34,140.49,18.6,10.13
70,149.31,95.33,155.16,166.35,146.9,143.99,11.21,8.65
71,148.13,87.86,155.16,159.93,145.53,153.13,6.96,4.9
72,146.62,86.1,155.56,155.24,146.81,152.04,3.45,3.32
73,144.01,90.7,155.28,153.52,144.53,154.4,0.66,4.29
74,147.3,93.5,158.47,149.1,144.94,149.75,7.01,5.11
75,151.89,95.13,162.92,141.71,137.94,127.57,10.95,5.9
76,157.0,102.94,168.73,138.95,122.89,118.06,8.88,6.69
77,164.06,112.85,175.24,137.85,114.7,121.23,10.63,9.08
78,167.33,121.3,179.36,137.34,108.56,138.36,11.6,5.21
79,157.2,155.7,178.14,158.39,102.18,107.28,7.51,5.71
80,173.83,138.6,172.58,140.92,106.69,157.06,9.84,18.24
81,175.02,144.6,171.38,143.33,112.31,168.04,11.4,14.86
82,173.78,151.09,169.77,145.44,110.78,151.08,11.07,26.16
83,170.87,157.34,169.37,149.57,115.25,148.5,10.8,28.24
84,165.21,161.18,170.51,151.54,114.67,146.77,9.39,28.09
85,158.94,162.02,170.61,151.83,123.44,147.93,7.42,25.33
86,153.88,162.06,170.17,153.78,132.99,148.37,6.37,24.18
87,138.39,160.57,173.78,154.2,136.52,145.18,2.9,12.98
88,125.35,156.73,178.22,153.25,141.46,155.13,1.9,12.76
89,110.72,152.21,177.3,151.36,143.14,142.64,0.41,1.57
90,98.91,149.96,169.68,152.35,151.77,156.92,1.42,1.23
91,85.73,152.36,159.56,154.71,148.69,154.98,1.19,2.86
92,129.36,128.29,158.11,153.92,149.14,148.89,3.71,5.57
93,97.11,151.87,155.76,156.74,153.63,134.89,6.11,8.34
94,89.83,154.57,151.14,157.67,154.28,116.94,8.26,13.89
95,96.96,157.7,146.16,162.79,152.46,91.73,13.41,16.7
96,100.95,161.85,141.34,167.42,133.41,66.57,32.43,18.24
97,111.66,161.84,138.3,170.3,126.57,65.08,40.73,20.81
98,123.24,164.95,139.14,175.0,125.06,62.27,44.77,21.24
99,130.55,169.86,140.25,179.56,122.51,56.94,48.52,21.34
100,137.18,173.54,140.83,174.53,122.2,52.3,49.27,19.71
101,143.95,170.83,141.84,172.63,124.14,54.13,48.26,19.34
102,149.63,167.21,143.65,170.35,125.84,58.02,46.42,15.36
103,153.25,160.16,145.51,170.61,127.43,62.31,44.57,12.7
104,157.44,153.23,149.91,169.21,129.96,71.77,42.76,11.05
105,158.52,139.37,152.56,171.57,137.3,96.14,34.52,9.66
106,155.48,121.1,152.84,177.1,139.19,118.33,28.86,7.78
107,126.7,161.96,169.28,170.84,141.66,133.52,22.29,6.15
108,154.89,97.69,163.51,169.23,145.58,141.81,14.47,5.17
109,153.45,80.57,156.17,161.15,146.86,148.85,5.11,0.48
110,150.79,75.07,154.97,154.3,142.25,146.37,4.56,1.64
111,145.35,74.32,153.99,151.99,134.51,147.44,0.36,2.05
112,149.1,73.11,157.54,144.45,134.16,136.22,3.88,5.49
113,154.88,81.13,163.31,137.9,130.79,142.67,9.98,2.29
114,159.74,91.18,168.37,133.76,118.12,150.53,11.6,16.08
115,164.94,98.85,174.2,129.11,101.5,113.29,12.03,3.98
116,167.65,107.25,177.19,128.05,92.02,165.91,11.61,11.51
117,170.29,117.27,178.49,129.13,96.34,151.04,10.68,25.48
118,174.59,125.1,173.15,133.2,93.35,150.22,8.46,30.19
119,173.47,135.06,171.73,139.86,95.13,154.53,7.88,31.56
120,170.26,142.73,171.32,142.35,99.93,146.05,7.42,35.99
121,165.08,149.53,172.09,144.5,113.51,149.58,7.19,33.58
122,159.03,155.8,172.48,147.44,116.7,142.08,5.39,37.27
123,153.3,157.54,172.5,149.18,124.39,141.61,3.66,35.5
124,147.9,159.76,170.98,151.77,133.82,141.47,1.48,33.93
125,132.53,162.07,173.48,154.72,138.37,134.07,1.66,32.7
126,118.43,162.82,176.33,154.7,138.37,141.94,5.93,22.84
127,102.82,156.07,178.4,154.45,140.73,138.7,8.26,14.62
128,94.57,153.0,172.64,152.59,142.94,153.49,11.94,1.91
129,85.86,154.35,162.15,153.21,145.6,157.5,12.76,0.96
130,107.99,148.4,157.81,153.44,146.45,150.72,11.83,1.93
131,106.98,152.69,155.25,156.18,152.28,145.91,14.1,8.93
132,93.74,154.82,151.71,158.86,139.88,133.74,28.35,14.68
133,95.51,159.29,145.54,163.29,132.16,101.75,38.82,18.49
134,100.65,163.37,141.1,167.97,119.71,71.89,51.87,17.95
135,111.96,163.38,136.7,171.22,117.02,57.71,57.94,19.69
136,122.16,165.46,135.91,174.59,115.77,49.49,61.49,21.87
137,129.65,168.7,137.21,178.78,117.08,57.03,62.16,26.22
138,136.49,172.36,138.02,177.5,119.13,63.98,61.25,26.07
139,143.17,169.62,140.65,176.11,120.76,66.3,59.45,23.63
140,148.72,163.61,142.97,174.43,122.57,74.04,57.48,19.48
141,153.06,158.03,144.19,169.63,121.37,75.0,56.62,14.81
142,156.5,149.2,147.73,169.87,127.78,74.43,49.73,10.86
143,158.21,137.03,151.32,171.1,130.12,97.08,43.35,8.18
144,158.96,118.44,154.8,175.53,132.26,120.98,37.28,5.06
145,158.24,101.72,154.52,179.92,138.23,139.19,29.3,0.97
146,153.53,89.57,155.03,173.96,140.99,146.14,21.18,2.09
147,151.76,79.62,152.15,164.22,143.25,152.71,10.38,0.33
148,152.46,74.85,155.07,158.89,139.7,154.41,6.17,1.22
149,144.45,75.98,154.47,154.58,130.36,150.5,4.27,1.62
150,149.21,76.27,158.07,143.31,129.63,145.83,2.92,1.56
151,154.43,83.22,164.74,138.87,124.71,137.91,6.97,1.03
152,159.35,97.21,171.08,135.3,112.05,113.35,7.18,5.59
153,165.03,106.15,178.11,131.71,106.43,107.14,10.97,1.49
154,167.74,113.13,177.99,130.45,92.47,166.64,11.73,5.54
155,171.09,124.65,173.69,135.54,88.97,125.41,8.65,0.69
156,172.24,133.72,170.74,139.42,97.18,159.03,8.66,7.78
157,170.05,142.53,168.97,142.15,105.52,129.84,6.74,0.07
158,165.96,149.31,168.16,144.03,116.26,146.58,6.44,7.78
159,159.26,156.15,168.52,147.22,123.45,164.67,6.13,14.38
160,149.17,159.42,170.87,149.31,123.69,169.96,5.07,12.52
161,139.37,159.0,170.96,150.29,134.98,162.17,3.56,14.8
162,121.76,157.77,174.66,150.95,137.93,153.11,0.72,8.82
163,105.02,155.05,175.97,149.22,142.04,148.98,5.21,4.24
164,90.91,150.47,179.27,149.4,143.72,153.25,8.86,0.01
165,79.63,147.6,171.99,151.0,148.65,147.73,6.71,2.47
166,120.81,151.63,161.77,155.65,150.03,147.8,7.18,1.22
167,144.17,126.59,159.29,156.88,148.09,138.67,10.49,5.13
168,91.92,150.9,155.64,160.38,146.37,126.46,16.43,9.17
169,90.97,155.47,149.67,163.64,139.02,99.45,27.5,13.98
170,96.73,159.33,144.71,170.18,129.64,81.13,37.76,13.57
171,108.08,162.42,140.48,176.32,124.83,65.71,44.02,15.64
172,119.69,167.69,139.23,178.73,122.31,55.03,47.92,15.94
173,128.94,172.67,140.7,173.22,127.15,47.91,46.0,16.44
174,135.36,176.4,141.1,168.49,128.62,52.24,45.66,15.98
175,143.94,173.2,142.23,165.47,130.19,53.53,44.02,13.73
176,150.52,167.77,144.57,164.65,133.9,67.33,41.13,12.25
177,154.92,158.25,146.33,165.17,135.73,70.41,38.99,7.79
178,155.44,144.23,147.34,167.78,136.51,79.16,37.21,7.86
179,157.73,132.42,151.93,169.1,138.96,110.91,32.25,6.89
180,156.21,111.85,153.3,173.76,141.57,132.58,27.67,4.66
181,150.87,93.63,153.88,179.64,140.86,142.63,23.35,4.03
182,146.22,82.06,152.61,173.72,144.56,147.37,14.5,1.77
183,148.69,70.39,154.69,164.67,146.48,150.4,7.29,3.01
184,147.4,68.28,157.33,159.86,146.31,151.13,4.37,0.14
185,143.5,73.21,157.6,155.52,131.77,155.1,5.05,0.38
186,155.03,77.52,166.07,142.96,121.9,139.79,0.57,2.61
187,159.4,86.22,172.41,137.16,109.22,131.89,4.43,3.84
188,163.1,99.59,178.21,134.38,102.82,112.66,5.35,4.74
189,165.14,108.98,177.2,131.11,102.18,97.51,2.7,5.34
190,169.62,119.69,172.77,134.96,98.39,166.23,4.88,16.34
191,172.54,131.3,169.31,140.53,98.0,165.16,4.56,21.39
192,172.92,138.75,166.87,141.84,117.71,171.32,4.25,24.83
193,168.43,147.31,166.52,144.38,118.87,169.06,4.93,26.0
194,161.52,153.61,168.02,146.51,124.71,164.76,3.28,28.74
195,153.05,157.11,169.39,148.17,120.09,162.06,0.86,27.83
196,143.45,158.13,170.63,149.54,116.3,157.68,1.59,27.19
197,129.01,159.51,172.85,151.87,125.37,166.32,1.81,13.53
198,109.22,157.67,179.12,147.22,134.17,156.3,6.17,3.04
199,98.86,150.91,179.38,148.32,139.81,163.02,7.11,2.44
200,88.65,149.48,173.8,150.0,142.83,149.56,7.85,2.04
201,80.01,148.35,163.93,153.0,146.59,153.38,6.65,3.54
202,144.31,117.9,156.04,156.38,136.51,146.36,13.23,0.29
203,90.88,152.28,154.64,158.1,138.12,141.12,20.5,5.54
204,89.51,152.48,149.8,160.09,130.27,127.42,31.19,11.09
205,96.31,159.51,144.6,166.77,121.15,94.71,42.7,13.49
206,104.52,163.63,141.69,174.38,119.97,60.72,47.31,12.73
207,116.3,167.27,140.71,179.27,118.58,47.07,50.72,18.05
208,134.84,178.09,154.39,176.64,122.56,43.83,50.14,14.99
209,134.66,174.42,143.21,169.93,123.74,44.66,50.09,17.49
210,128.91,176.44,145.26,164.9,128.23,50.6,46.65,13.87
211,148.97,166.55,146.82,163.82,130.34,60.58,44.71,13.16
212,156.44,153.1,148.5,164.78,130.08,65.5,43.41,10.11
213,158.75,136.17,149.47,167.05,131.6,97.97,40.99,6.55
214,160.31,119.55,151.99,167.35,134.87,121.6,35.21,5.09
215,156.49,100.2,152.72,170.58,141.03,138.5,27.29,3.12
216,157.52,83.27,153.67,178.98,143.86,151.05,20.46,4.98
217,151.35,73.55,151.87,175.46,145.51,157.39,10.77,2.51
218,150.55,62.12,153.25,166.93,150.05,155.75,4.29,0.58
219,150.34,59.52,157.15,158.94,144.6,153.86,1.41,2.14
220,146.17,60.48,155.72,151.64,134.44,163.59,2.06,1.95
221,150.84,66.23,159.96,143.88,132.42,159.64,8.33,3.54
222,156.74,74.66,167.68,141.29,124.92,143.18,13.14,4.4
223,159.8,97.99,173.43,137.49,102.11,113.79,12.23,8.84
224,162.79,107.52,178.65,134.2,90.8,100.87,12.18,8.78
225,166.94,116.65,176.06,135.49,90.39,91.2,13.0,6.89
226,170.01,125.59,172.49,138.71,93.77,92.74,10.3,6.82
227,170.56,134.38,170.25,141.27,99.91,159.69,10.67,5.06
228,167.2,142.4,169.24,142.58,103.16,103.73,9.99,3.03
229,162.23,149.94,168.8,143.63,175.46,90.52,12.48,3.23
230,154.46,155.99,169.35,145.54,117.47,142.79,1.57,9.42
231,144.79,160.18,170.16,148.48,127.4,165.86,4.75,7.13
232,132.71,160.79,169.83,150.07,130.6,136.41,2.89,1.28
233,113.13,161.97,173.37,152.34,137.21,153.87,1.23,1.38
234,98.78,159.54,177.52,151.34,138.32,164.37,0.89,4.17
235,86.27,152.65,177.99,151.03,138.94,162.44,1.91,3.36
236,75.36,152.14,172.15,153.27,143.37,160.34,2.28,4.36
237,69.87,150.65,164.72,154.96,148.84,159.79,2.91,3.02
238,67.21,152.58,156.83,155.57,151.13,146.62,5.84,1.45
239,75.39,153.51,154.0,157.52,149.92,135.55,10.58,5.62
240,83.91,157.09,148.83,161.65,143.08,108.62,22.3,9.21
241,94.98,161.04,144.58,169.63,137.65,90.76,30.66,12.79
242,108.95,164.91,140.56,175.64,129.54,62.34,41.16,17.43
243,120.92,166.73,139.15,179.95,129.36,46.91,43.85,20.56
244,128.56,172.82,138.31,174.31,129.27,42.66,46.36,21.19
245,137.09,172.21,140.69,172.65,129.24,47.37,48.14,18.74
246,145.67,167.13,143.67,172.06,131.38,51.03,48.52,20.4
247,155.25,159.9,148.13,172.31,133.57,65.64,46.88,17.81
248,160.05,152.18,149.43,169.49,134.59,65.63,44.12,11.49
249,162.64,143.96,151.62,168.28,138.15,89.27,40.89,8.42
250,164.7,123.97,154.55,172.4,143.14,117.38,32.6,8.08
251,162.71,103.25,156.47,176.78,147.15,130.33,26.1,7.52
252,158.92,85.06,155.05,179.7,147.37,143.53,22.01,6.61
253,155.22,73.71,153.83,177.53,150.62,154.11,12.45,5.2
254,152.28,66.42,154.14,170.67,153.93,162.94,4.05,1.95
255,153.33,62.62,158.28,164.24,151.43,159.72,1.35,1.65
256,148.86,61.19,158.32,155.13,142.86,157.88,2.42,0.36
257,152.2,64.51,161.51,148.79,136.78,161.02,5.5,1.05
258,158.27,72.51,167.92,143.1,131.56,139.46,9.77,6.24
259,162.63,97.16,173.27,138.64,119.6,122.1,11.46,6.24
260,166.29,106.21,178.11,135.25,100.52,110.49,11.48,8.4
261,167.95,113.52,177.19,133.22,96.45,94.48,8.88,7.14
262,172.16,123.07,172.18,136.79,96.55,90.2,7.28,4.3
263,172.7,132.65,168.97,140.74,100.25,157.77,9.27,13.62
264,170.51,139.14,168.71,141.93,109.69,167.97,9.8,25.78
265,163.74,147.75,168.73,143.89,109.94,156.11,6.69,23.43
266,155.94,156.57,169.05,147.49,117.28,168.95,5.38,21.14
267,150.56,162.82,167.59,149.58,129.33,167.89,3.05,15.09
268,133.42,164.0,168.83,150.18,135.39,162.68,0.52,6.44
269,126.17,161.63,178.27,148.17,141.92,154.61,4.02,2.57
270,99.66,160.39,177.99,150.72,147.14,161.16,2.82,3.1
271,85.17,158.52,178.11,153.21,149.24,162.39,4.32,5.73
272,73.11,153.91,171.94,153.99,154.47,159.05,2.65,6.32
273,68.26,151.76,165.37,154.56,157.62,155.3,4.33,1.49
274,67.85,155.22,161.04,160.77,158.59,151.13,9.34,2.1
275,72.1,154.13,159.6,161.14,150.01,147.39,19.61,8.4
276,79.35,157.23,154.93,164.05,142.16,123.67,28.97,10.99
277,95.15,162.12,150.91,168.82,135.89,98.49,36.98,14.25
278,109.4,165.23,146.97,175.06,133.58,66.67,40.74,12.99
279,120.05,166.11,144.23,178.66,133.47,47.46,43.26,18.28
280,129.82,168.96,144.97,178.79,130.54,43.3,47.84,20.39
281,136.34,171.85,145.42,175.68,130.32,40.4,49.01,20.13
282,145.1,169.9,147.54,174.29,129.3,42.88,51.23,20.99
283,153.82,164.05,150.43,173.62,130.25,46.75,50.06,17.65
284,159.89,156.75,152.46,171.79,131.31,56.32,48.25,14.91
285,164.27,146.49,154.99,170.4,133.42,60.31,46.11,12.32
286,165.68,132.89,156.68,169.72,137.33,65.92,39.83,10.09
287,164.28,116.27,157.89,172.66,140.16,93.42,34.33,8.61
288,159.3,94.43,157.27,175.62,144.55,124.57,27.71,4.92
289,155.01,79.21,156.98,179.03,148.06,140.97,21.75,2.46
290,151.81,68.6,156.66,176.44,153.66,154.37,11.73,2.37
291,151.43,59.39,156.87,168.11,162.97,160.33,0.2,0.5
292,150.22,56.12,159.68,161.73,148.48,158.36,2.52,0.49
293,149.91,59.58,161.92,155.58,142.82,150.97,0.4,3.01
294,156.26,66.24,166.43,148.35,137.05,158.51,5.06,1.64
295,162.5,80.98,173.4,141.31,127.86,149.66,7.03,1.38
296,165.46,97.75,179.03,136.48,114.24,165.49,9.5,16.14
297,169.76,109.07,175.86,134.73,124.8,170.95,5.87,1.63
298,172.04,120.35,173.5,137.45,103.42,176.86,8.87,23.41
299,173.83,130.38,171.39,141.02,100.67,167.54,9.72,24.87
300,170.6,139.04,170.16,142.35,107.0,169.03,7.28,26.95
301,164.64,147.2,170.24,142.38,150.3,132.14,4.45,2.74
302,154.37,155.24,171.65,145.78,173.44,161.46,14.94,2.24
303,140.35,160.07,173.53,148.34,136.8,177.73,12.19,15.43
304,131.67,156.18,169.22,146.5,147.05,167.6,4.05,18.4
305,120.68,162.52,178.31,166.18,148.86,147.4,3.14,15.58
306,86.34,167.79,177.68,160.92,148.06,147.87,4.09,11.07
307,81.43,159.39,177.65,157.46,154.3,154.83,4.55,7.85
308,74.62,153.33,167.4,154.94,157.61,167.08,5.22,1.6
309,70.05,152.42,158.39,155.84,152.23,154.48,10.7,0.25
310,71.21,154.18,157.8,159.15,148.98,148.06,17.69,4.43
311,72.28,157.26,156.12,163.13,145.28,140.48,23.47,8.6
312,88.68,159.49,150.21,166.34,136.96,108.84,33.07,10.79
313,100.97,163.88,146.9,172.29,133.26,74.31,38.38,12.8
314,114.06,169.66,143.72,178.82,129.86,52.01,43.35,13.14
315,124.56,169.68,143.01,178.72,129.32,49.04,45.34,15.94
316,133.24,172.34,143.75,175.64,129.52,43.69,46.33,14.42
317,140.57,169.35,145.86,173.21,129.22,42.22,47.03,15.03
318,149.55,162.51,148.95,173.32,130.82,48.39,45.92,15.45
319,155.68,156.34,150.97,171.6,132.51,55.54,43.89,12.79
320,159.93,143.96,153.66,171.45,136.0,60.32,39.9,7.19
321,162.54,126.22,155.17,173.07,139.95,90.3,35.09,5.07
322,165.33,108.22,158.05,174.24,141.74,115.23,31.04,4.75
323,163.23,91.66,157.81,176.23,140.07,135.16,27.73,4.24
324,158.89,75.65,155.78,176.89,140.27,150.78,19.23,2.54
325,153.75,68.25,153.5,169.15,146.7,162.2,8.14,0.57
326,155.07,65.65,157.48,163.32,142.03,151.19,4.76,0.67
327,150.81,66.04,158.38,158.28,134.3,152.36,2.84,0.23
328,153.22,64.22,161.16,154.24,125.83,153.08,2.74,1.12
329,158.76,74.82,166.89,149.48,116.35,157.73,7.53,2.43
330,161.99,101.38,171.5,142.23,106.15,106.29,11.51,5.03
331,166.03,112.52,176.53,138.28,91.19,82.3,12.28,6.69
332,166.1,120.54,179.91,137.85,90.91,142.42,13.14,6.38
333,170.61,130.73,175.45,139.77,88.89,72.28,11.5,5.83
334,173.68,138.47,171.93,143.92,89.08,163.72,10.29,20.16
335,171.59,146.07,170.74,146.9,97.68,156.1,8.95,23.32
336,167.24,152.85,170.34,148.57,98.2,163.08,3.39,19.98
337,159.6,157.03,170.73,149.37,98.66,175.17,1.08,16.5
338,151.77,159.86,172.32,150.55,105.75,121.64,0.59,0.95
339,138.39,162.57,174.94,152.39,109.42,120.73,2.49,1.24
340,121.68,163.68,176.09,154.38,127.61,119.67,3.5,0.21
341,105.6,161.17,178.71,154.66,131.63,140.02,6.66,0.28
342,90.73,156.7,177.57,155.87,130.37,142.81,10.84,3.44
343,82.73,153.16,172.82,157.48,135.38,153.23,13.15,6.16
344,78.24,154.03,166.81,159.46,138.14,153.74,17.12,1.37
345,78.79,157.04,161.7,162.2,138.77,143.81,21.58,2.59
346,77.09,158.21,159.26,165.14,134.15,131.65,31.34,4.05
347,91.36,157.75,155.32,165.64,127.76,102.16,40.33,4.87
348,104.88,164.72,150.14,172.43,123.58,67.36,47.16,10.91
349,114.7,165.33,145.72,175.2,120.87,42.43,53.17,15.26
350,124.18,165.81,144.51,178.29,120.28,35.7,56.96,18.85
351,134.01,167.35,146.04,179.39,120.37,34.1,58.87,20.94
352,141.97,167.47,148.89,178.55,122.85,36.72,57.34,21.94
353,150.12,162.5,151.32,178.21,125.7,44.19,55.04,19.1
354,158.33,153.64,154.55,178.74,128.65,45.76,51.91,18.52
355,161.24,139.86,155.43,179.11,131.18,92.72,48.11,16.61
356,162.59,128.94,157.58,176.88,134.46,140.39,42.93,14.61
357,164.11,111.17,159.54,177.6,138.08,153.45,35.14,13.13
358,160.29,90.73,158.64,178.78,140.36,160.85,28.66,11.14
359,158.42,79.49,158.34,176.29,143.2,159.85,22.07,6.77
360,153.98,72.98,158.77,174.85,141.69,163.03,16.5,4.8
361,154.4,70.07,160.73,167.52,137.07,158.31,12.07,1.62
362,153.15,68.24,162.23,158.17,138.93,154.74,7.46,4.93
363,157.09,73.02,166.31,153.62,132.19,143.02,3.01,2.57
364,160.58,85.85,171.06,148.94,117.36,109.8,0.24,1.36
365,163.62,104.3,176.12,144.66,109.3,95.5,3.24,0.56
366,166.08,116.22,179.95,141.11,100.5,78.16,1.78,0.1
367,169.37,125.97,176.0,140.35,92.71,95.06,1.42,0.34
368,170.27,133.79,173.56,140.98,90.75,100.63,2.73,0.23
369,171.68,140.56,171.04,143.17,87.17,84.6,2.88,1.27
370,169.03,148.08,170.26,144.21,97.29,91.12,3.39,1.69
371,161.92,154.76,171.12,146.71,108.55,103.24,4.01,1.72
372,152.58,158.98,172.71,148.72,114.3,121.22,2.75,1.08
373,137.65,161.26,175.04,150.48,143.99,137.89,1.17,1.37
374,119.66,162.41,176.1,153.05,141.99,143.31,1.27,1.78
375,103.17,164.39,177.68,153.85,149.09,154.16,4.8,4.09
376,89.23,158.01,178.99,154.5,146.09,155.47,6.44,5.52
377,81.37,155.9,175.59,156.39,146.01,157.91,9.41,2.59
378,78.31,155.14,166.68,158.55,146.51,153.28,14.14,0.0
379,77.45,157.06,162.93,163.0,142.22,139.49,21.47,2.7
380,81.37,158.44,160.14,164.09,135.29,127.86,29.55,6.03
381,93.11,158.7,155.03,164.95,134.24,92.01,34.94,9.76
382,106.4,162.96,149.38,169.61,131.06,59.2,41.67,12.64
383,118.16,166.28,145.37,173.76,127.35,46.77,47.75,20.22
384,126.2,167.93,144.47,176.87,126.19,35.09,51.85,26.35
385,135.4,169.3,145.24,179.06,127.05,28.53,53.49,27.8
386,142.62,170.47,147.2,178.43,128.94,26.84,53.89,27.73
387,150.38,166.57,149.49,176.31,127.92,32.02,55.61,25.08
388,156.43,155.84,151.64,175.64,129.59,48.13,53.67,19.2
389,159.13,142.24,153.6,175.42,131.16,58.56,51.18,11.36
390,158.51,127.11,155.06,177.05,129.86,102.49,51.59,10.28
391,158.28,108.7,156.39,177.38,138.89,135.34,42.63,7.12
392,163.33,90.74,158.54,179.68,138.84,151.65,35.14,5.7
393,160.36,80.51,160.26,177.7,136.52,154.7,29.84,3.69
394,158.56,71.93,162.9,175.89,138.32,159.79,23.82,1.36
395,157.59,69.41,164.91,167.25,135.91,162.99,16.68,1.58
396,157.96,66.49,164.72,158.47,133.12,161.0,10.08,6.42
397,160.59,66.39,167.81,154.23,131.86,150.8,6.03,4.3
398,164.08,86.44,172.16,147.43,119.51,148.54,2.61,1.05
399,166.91,104.97,176.77,141.28,104.89,110.04,0.24,0.58
400,169.17,114.73,178.36,137.65,97.67,71.16,1.51,0.1
401,172.01,123.03,174.68,136.84,84.63,169.73,2.78,0.17
402,173.98,131.18,171.84,137.85,91.88,157.29,2.18,0.09
403,172.44,140.12,169.89,141.55,89.73,88.39,1.54,0.02
404,168.81,147.09,169.67,142.54,82.72,90.53,2.03,1.04
405,160.68,151.28,171.09,143.19,76.56,104.01,9.56,0.78
406,152.34,158.88,172.1,146.45,104.66,124.57,5.11,1.98
407,137.22,162.86,174.44,149.59,104.36,145.0,12.19,3.2
408,113.24,163.3,176.43,151.6,141.82,160.69,5.78,6.7
409,97.32,159.69,177.58,152.7,144.69,158.73,7.44,5.8
410,84.96,154.97,179.06,153.75,149.48,162.79,10.14,4.96
411,79.75,154.15,176.49,156.84,150.98,158.4,14.85,3.69
412,78.61,153.25,171.76,160.2,149.53,148.21,19.92,2.13
413,74.3,155.31,162.89,162.96,146.01,132.71,25.14,0.58
414,84.23,156.61,160.84,164.53,142.99,123.13,30.81,4.29
415,101.79,158.76,155.66,164.81,134.84,94.09,40.17,11.69
416,112.77,158.32,150.36,162.72,131.1,63.3,45.58,19.27
417,121.78,161.29,147.72,170.2,128.48,44.46,49.86,24.44
418,129.11,164.92,146.6,173.58,127.72,35.27,52.59,29.01
419,139.21,167.04,149.34,175.44,127.17,31.73,55.03,30.72
420,145.87,168.74,150.74,178.54,126.93,28.71,55.84,30.15
421,153.25,163.6,152.89,179.12,127.54,29.22,54.88,27.67
422,159.35,153.5,156.48,178.99,128.23,34.09,53.69,24.6
423,161.83,143.32,157.77,179.53,129.91,36.87,51.89,22.03
424,163.32,125.12,160.27,178.94,130.27,78.43,47.19,15.31
425,162.63,102.27,160.64,179.36,133.1,128.02,40.55,11.66
426,159.69,83.09,159.95,176.98,136.67,140.8,33.56,6.78
427,157.89,71.45,160.24,173.48,136.0,150.66,29.22,5.38
428,156.71,63.94,162.35,170.27,137.12,155.88,22.6,2.97
429,154.34,67.13,164.13,169.62,130.25,161.64,17.33,0.27
430,157.01,65.09,167.51,160.78,129.31,167.47,11.88,1.63
431,160.83,65.82,170.66,155.63,122.36,159.93,8.04,2.65
432,164.63,83.88,174.68,147.53,103.52,114.02,3.8,0.95
433,166.45,101.74,178.29,140.75,95.3,85.8,1.77,0.6
434,168.81,114.98,178.02,138.94,87.89,73.35,0.53,1.28
435,170.67,126.36,174.8,140.39,76.0,64.39,0.23,2.65
436,172.52,135.29,173.14,142.09,89.08,77.69,1.85,2.19
437,170.64,143.45,172.36,143.99,100.52,97.67,1.67,2.53
438,164.78,150.78,172.38,145.31,107.38,108.15,0.92,3.02
439,157.76,158.35,173.18,148.28,106.13,125.55,1.9,0.16
440,149.41,162.68,173.16,149.77,134.7,152.48,0.01,0.46
441,129.63,164.0,176.21,151.41,131.04,153.97,4.78,0.38
442,108.6,162.14,178.08,152.06,142.22,156.83,2.75,2.71
443,91.27,158.81,178.64,152.64,148.72,165.02,2.92,3.03
444,79.61,157.17,174.47,154.08,147.89,163.71,5.5,3.76
445,77.16,154.38,172.8,156.52,153.59,154.33,9.29,1.78
446,72.66,152.48,165.14,158.93,151.89,148.58,15.21,1.38
447,75.64,155.57,162.61,163.43,147.99,133.65,21.58,1.83
448,84.92,154.25,156.06,163.18,139.69,114.44,29.49,4.22
449,102.61,161.15,152.8,168.42,132.95,82.1,40.18,9.53
450,114.3,162.12,148.19,171.68,127.28,59.51,48.91,13.67
451,121.49,164.65,144.64,174.8,124.12,41.57,55.15,20.72
452,130.76,167.43,145.04,177.7,123.59,35.04,59.71,23.13
453,140.07,166.88,148.82,179.68,124.2,33.7,62.27,23.72
454,147.37,168.22,150.07,178.27,126.03,36.86,61.25,21.9
455,152.78,163.44,151.7,176.01,126.48,44.75,60.55,18.56
456,159.03,154.43,155.15,175.41,126.69,63.65,59.12,15.16
457,162.66,138.28,157.64,174.51,131.17,119.67,53.92,13.44
458,165.05,116.02,159.37,177.26,134.16,143.34,46.82,12.24
459,163.39,92.91,159.86,178.21,137.36,152.63,38.63,9.93
460,161.17,76.25,159.42,177.33,138.72,155.86,31.78,8.84
461,159.91,65.87,159.52,171.38,139.74,159.59,25.2,6.96
462,157.79,63.23,162.48,169.69,136.27,162.34,19.77,3.81
463,155.77,66.04,163.95,165.2,133.54,169.32,13.62,1.46
464,159.45,64.38,167.65,157.72,132.68,160.46,9.47,2.55
465,165.37,69.72,172.78,153.02,125.61,153.6,4.72,1.99
466,167.36,97.54,175.58,146.06,108.41,114.09,0.66,0.01
467,171.37,113.28,179.86,142.06,103.72,112.92,3.49,0.36
468,170.94,123.23,177.67,140.53,96.8,169.74,4.73,1.49
469,172.81,131.38,174.86,141.8,78.45,178.07,4.08,1.9
470,173.41,139.27,172.79,143.49,79.42,134.39,5.58,1.31
471,169.7,146.48,172.0,144.77,93.43,73.19,3.23,0.05
472,163.51,153.49,171.68,147.07,80.19,90.31,0.25,0.23
473,153.14,157.67,173.52,149.18,96.35,97.61,1.34,0.67
474,137.7,160.85,175.77,151.27,57.54,100.68,9.12,0.35
475,116.3,164.96,177.48,155.03,137.56,129.52,3.47,2.93
476,97.02,166.09,177.42,157.17,134.48,143.44,7.13,4.79
477,81.98,161.22,179.05,157.31,136.79,156.13,8.91,6.42
478,73.09,157.53,178.37,157.65,140.31,160.34,12.06,6.33
479,74.68,155.34,174.84,159.74,145.92,158.26,14.36,1.94
480,76.43,159.11,167.81,164.19,141.19,146.99,21.34,2.01
481,77.24,161.57,166.45,167.49,134.82,139.86,30.64,4.54
482,90.26,163.27,158.91,167.98,131.75,114.47,34.8,8.44
483,106.84,170.58,154.35,171.86,127.04,78.78,42.33,12.41
484,116.92,168.74,150.09,173.01,126.92,52.98,45.42,19.36
